X-axis,Y-axis
0.0,0.0
0.0,22.22222222222222
0.0,44.44444444444444
0.0,66.66666666666666
0.0,88.88888888888889
11.111111111111114,100.0
33.333333333333314,100.0
55.55555555555555,100.0
77.77777777777777,100.0
100.0,100.0
